Position,Frame,Intensity_BGsub
41,2,11
41,3,12
41,4,11
41,5,18
41,6,15
41,7,10
41,8,14
41,9,13
41,10,14
41,11,14
41,12,13
41,13,15
41,14,18
41,15,19
41,16,22
41,17,17
41,18,25
41,19,26
41,20,16
41,21,11
41,22,26
41,23,16
41,24,20
41,25,38
41,26,25
41,27,21
41,28,52
41,29,25
41,30,54
41,31,24
41,32,22
41,33,81
41,34,118
41,35,48
41,36,109
41,37,160
41,38,20
41,39,22
41,40,113
41,41,65
41,42,96
41,43,89
41,44,66
41,45,21
41,46,137
41,47,69
41,48,64
41,49,63
41,50,63
41,51,64
41,52,74
41,53,56
41,54,64
41,55,70
41,56,73
41,57,55
41,58,53
41,59,61
41,60,94
41,61,87
41,62,59
41,63,67
41,64,100
41,65,74
41,66,32
41,67,147
41,68,40
41,69,94
41,70,32
41,71,29
41,72,23
41,73,25
41,74,103
41,75,115
41,76,116
41,77,106
41,78,20
41,79,104
41,80,70
41,81,96
41,82,125
41,83,140
41,84,73
41,85,131
41,86,118
41,87,22
41,88,70
41,89,52
41,90,60
41,91,66
41,92,84
41,93,106
41,94,136
41,95,147
41,96,175
41,97,194
41,98,225
41,99,224
41,100,246
41,101,301
41,102,283
41,103,339
41,104,311
41,105,424
41,106,311
41,107,348
41,108,354
41,109,382
41,110,312
41,111,375
41,112,363
41,113,279
41,114,282
41,115,281
41,116,256
41,117,246
41,118,296
41,119,298
41,120,233
41,121,210
41,122,208
41,123,235
41,124,214
41,125,205
41,126,209
41,127,238
41,128,277
41,129,250
41,130,282
41,131,289
41,132,336
41,133,382
41,134,379
41,135,493
41,136,440
41,137,593
41,138,515
41,139,636
41,140,737
41,141,735
41,142,856
41,143,825
41,144,847
41,145,929
41,146,761
41,147,890
41,148,725
41,149,926
41,150,719
41,151,727
41,152,715
41,153,643
41,154,695
41,155,756
41,156,710
41,157,591
41,158,550
41,159,607
41,160,545
41,161,623
41,162,635
41,163,570
41,164,610
41,165,565
41,166,559
41,167,527
41,168,518
41,169,570
41,170,573
41,171,581
41,172,557
41,173,565
41,174,758
41,175,596
41,176,606
41,177,565
41,178,720
41,179,803
41,180,729
41,181,664
41,182,802
41,183,797
41,184,897
41,185,933
41,186,808
41,187,832
41,188,923
41,189,932
41,190,929
41,191,938
41,192,1223
41,193,1057
41,194,953
41,195,1106
41,196,1160
41,197,987
41,198,1010
41,199,922
41,201,993
41,202,873
41,203,1122
41,204,836
41,205,811
41,206,797
41,207,812
41,208,771
41,209,789
41,210,658
41,211,854
41,212,700
41,213,726
41,214,686
41,215,606
41,216,591
41,217,601
41,218,584
41,219,582
41,220,612
41,221,499
41,222,642
41,223,570
41,224,559
41,225,493
41,226,528
41,227,526
41,228,646
41,229,696
41,231,732
41,261,1388
41,272,1645
41,274,1349
41,278,1555
41,293,1935
41,329,48
41,330,17
41,331,55
41,332,66
41,333,77
41,334,54
41,335,79
41,336,155
41,337,114
41,338,73
41,339,100
41,340,115
41,341,113
41,342,118
41,343,152
41,344,48
41,345,76
41,346,82
41,347,105
41,348,128
41,349,121
41,350,123
41,351,121
41,352,151
41,353,145
41,354,138
41,355,115
41,356,177
41,357,153
41,358,118
41,359,133
41,360,144
41,361,157
43,2,28
43,3,16
43,4,17
43,5,26
43,6,34
43,7,20
43,8,21
43,9,19
43,10,20
43,11,23
43,12,28
43,13,20
43,14,20
43,15,23
43,16,22
43,17,22
43,18,22
43,19,24
43,20,22
43,21,21
43,22,41
43,23,20
43,24,20
43,25,23
43,26,22
43,27,79
43,28,27
43,29,90
43,30,73
43,31,75
43,32,52
43,33,72
43,34,34
43,35,20
43,36,89
43,37,22
43,38,98
43,39,53
43,40,76
43,41,82
43,42,68
43,43,19
43,44,71
43,45,67
43,46,40
43,47,53
43,48,20
43,49,75
43,50,100
43,51,89
43,52,22
43,53,23
43,54,20
43,55,22
43,56,75
43,57,91
43,58,42
43,59,57
43,60,94
43,61,62
43,62,92
43,63,21
43,64,70
43,65,77
43,66,25
43,67,21
43,68,21
43,69,104
43,70,56
43,71,23
43,72,24
43,73,61
43,74,57
43,75,22
43,76,50
43,77,23
43,78,59
43,79,60
43,80,55
43,81,59
43,82,25
43,83,102
43,84,53
43,85,98
43,86,74
43,87,12
43,88,15
43,89,164
43,90,178
43,91,176
43,92,197
43,93,203
43,94,221
43,95,256
43,96,296
43,97,304
43,98,246
43,99,287
43,100,313
43,101,389
43,102,369
43,103,309
43,104,348
43,105,405
43,106,427
43,107,340
43,108,314
43,109,307
43,110,299
43,111,262
43,112,258
43,113,299
43,114,260
43,115,271
43,116,257
43,117,261
43,118,260
43,119,262
43,120,249
43,121,243
43,122,213
43,123,209
43,124,212
43,125,288
43,126,261
43,127,309
43,128,357
43,129,393
43,130,401
43,131,476
43,132,496
43,133,590
43,134,607
43,135,651
43,136,668
43,137,942
43,138,714
43,139,767
43,140,756
43,141,718
43,142,790
43,143,640
43,144,695
43,145,820
43,146,730
43,147,638
43,148,801
43,149,640
43,150,565
43,151,701
43,152,562
43,153,647
43,154,621
43,155,591
43,156,506
43,157,581
43,158,509
43,159,574
43,160,541
43,161,552
43,162,474
43,163,484
43,164,503
43,165,442
43,166,501
43,167,537
43,168,577
43,169,770
43,170,860
43,171,649
43,172,675
43,173,613
43,174,708
43,175,812
43,176,808
43,177,839
43,178,963
43,179,881
43,180,949
43,181,896
43,182,1007
43,183,935
43,184,849
43,185,949
43,186,1082
43,187,1083
43,188,1123
43,189,993
43,190,1255
43,191,995
43,192,1014
43,193,1050
43,194,891
43,195,907
43,196,879
43,197,975
43,198,900
43,199,1240
43,200,840
43,201,1051
43,202,747
43,203,910
43,204,967
43,205,926
43,206,1078
43,207,871
43,208,916
43,209,891
43,210,790
43,211,842
43,212,802
43,213,719
43,214,862
43,215,835
43,216,700
43,217,603
43,218,790
43,219,719
43,220,853
43,221,584
43,223,813
43,224,764
43,225,797
43,241,1070
43,325,62
43,326,94
43,327,62
43,328,55
43,329,52
43,330,60
43,331,93
43,332,50
43,333,35
43,334,62
43,335,65
43,336,99
43,337,85
43,338,81
43,339,81
43,340,60
43,341,64
43,342,71
43,343,89
43,344,108
43,345,101
43,346,109
43,347,102
43,348,100
43,349,136
43,350,125
43,351,106
43,352,117
43,353,120
43,354,141
43,355,159
43,356,124
43,357,136
43,358,160
43,359,151
43,360,133
43,361,136
44,2,10
44,3,10
44,4,12
44,5,15
44,6,15
44,7,15
44,8,14
44,9,15
44,10,17
44,11,17
44,12,22
44,13,20
44,14,21
44,15,20
44,16,16
44,17,21
44,18,20
44,19,18
44,20,21
44,21,22
44,22,20
44,23,22
44,24,22
44,25,20
44,26,19
44,27,18
44,28,19
44,29,24
44,30,21
44,31,21
44,32,21
44,33,23
44,34,20
44,35,17
44,36,19
44,37,24
44,38,20
44,39,20
44,40,18
44,41,15
44,42,22
44,43,42
44,44,16
44,45,56
44,46,51
44,47,14
44,48,59
44,49,70
44,50,70
44,51,92
44,52,85
44,53,73
44,54,52
44,55,107
44,56,90
44,57,74
44,58,89
44,59,115
44,60,63
44,61,83
44,62,95
44,63,92
44,64,114
44,65,95
44,66,79
44,67,82
44,68,102
44,69,144
44,70,86
44,71,104
44,72,102
44,73,100
44,74,101
44,75,133
44,76,107
44,77,120
44,78,95
44,79,103
44,80,103
44,81,103
44,82,92
44,83,95
44,84,88
44,85,79
44,86,82
44,87,84
44,88,80
44,89,50
44,90,97
44,91,64
44,92,66
44,93,63
44,94,55
44,95,42
44,96,50
44,97,64
44,98,53
44,99,53
44,100,61
44,101,56
44,102,104
44,103,53
44,104,134
44,105,119
44,106,156
44,107,60
44,108,54
44,109,43
44,110,73
44,111,97
44,112,94
44,113,113
44,114,137
44,115,121
44,116,132
44,117,172
44,118,175
44,119,251
44,120,252
44,121,239
44,122,285
44,123,245
44,124,354
44,125,334
44,126,322
44,127,295
44,128,354
44,129,383
44,130,290
44,131,330
44,132,299
44,133,325
44,134,313
44,135,284
44,136,289
44,137,278
44,138,256
44,139,239
44,140,212
44,141,236
44,142,230
44,143,227
44,144,217
44,145,238
44,146,227
44,147,259
44,148,271
44,149,238
44,150,219
44,151,222
44,152,203
44,153,230
44,154,281
44,155,408
44,156,421
44,157,444
44,158,485
44,159,615
44,160,744
44,161,557
44,162,647
44,163,656
44,164,790
44,165,607
44,166,608
44,167,718
44,168,737
44,169,634
44,170,680
44,171,815
44,172,729
44,173,733
44,174,580
44,175,610
44,176,596
44,177,582
44,178,580
44,179,534
44,180,533
44,181,496
44,182,486
44,183,434
44,184,509
44,185,473
44,186,441
44,187,451
44,188,460
44,189,458
44,190,436
44,191,450
44,192,502
44,193,454
44,194,478
44,195,435
44,196,460
44,197,593
44,198,554
44,199,486
44,200,571
44,201,705
44,202,740
44,203,661
44,204,602
44,205,667
44,206,840
44,207,751
44,208,777
44,209,873
44,210,845
44,211,844
44,212,1163
44,213,996
44,214,856
44,215,879
44,216,855
44,217,896
44,218,1022
44,219,966
44,220,982
44,221,993
44,222,1014
44,223,1005
44,224,995
44,225,882
44,226,823
44,227,952
44,228,816
44,229,833
44,230,813
44,231,791
44,232,749
44,233,1053
44,234,713
44,235,689
44,236,712
44,237,690
44,238,716
44,239,644
44,240,769
44,241,670
44,242,883
44,243,922
44,244,800
44,245,552
44,246,770
44,247,876
44,248,567
44,249,781
44,250,845
44,251,591
44,252,621
44,253,553
44,254,735
44,255,584
44,256,823
44,311,1071
44,312,1119
44,313,889
44,314,856
44,315,848
44,316,917
44,317,1118
44,360,82
44,361,80
45,2,24
45,3,21
45,4,23
45,5,11
45,6,27
45,7,13
45,8,16
45,9,33
45,10,18
45,11,18
45,12,17
45,13,23
45,14,56
45,15,24
45,16,23
45,17,23
45,18,22
45,19,22
45,20,23
45,21,23
45,22,21
45,23,26
45,24,18
45,25,19
45,26,29
45,27,22
45,28,28
45,29,19
45,30,23
45,31,24
45,32,23
45,33,23
45,34,28
45,35,22
45,36,211
45,37,130
45,38,20
45,39,139
45,40,192
45,41,199
45,42,52
45,43,61
45,44,61
45,45,136
45,46,54
45,47,51
45,48,119
45,49,65
45,50,76
45,51,76
45,52,60
45,53,130
45,54,65
45,55,70
45,56,77
45,57,142
45,58,62
45,59,61
45,60,101
45,61,59
45,62,101
45,63,105
45,64,66
45,65,53
45,66,145
45,67,105
45,68,112
45,69,91
45,70,87
45,71,58
45,72,79
45,73,74
45,74,62
45,75,100
45,76,78
45,77,119
45,78,221
45,79,53
45,80,104
45,81,67
45,82,170
45,83,128
45,84,150
45,85,130
45,86,163
45,87,38
45,88,39
45,89,155
45,90,30
45,91,26
45,92,32
45,93,35
45,94,69
45,95,71
45,96,108
45,97,100
45,98,147
45,99,150
45,100,166
45,101,210
45,102,215
45,103,224
45,104,218
45,105,435
45,106,277
45,107,330
45,108,349
45,109,290
45,110,336
45,111,371
45,112,299
45,113,310
45,114,283
45,115,287
45,116,313
45,117,311
45,118,318
45,119,306
45,120,218
45,121,266
45,122,251
45,123,219
45,124,203
45,125,215
45,126,242
45,127,247
45,128,249
45,129,232
45,130,231
45,131,227
45,132,237
45,133,247
45,134,193
45,135,227
45,136,234
45,137,244
45,138,375
45,139,339
45,140,405
45,141,434
45,142,481
45,143,450
45,144,520
45,145,546
45,146,625
45,147,690
45,148,873
45,149,706
45,150,646
45,151,746
45,152,848
45,153,861
45,154,706
45,155,782
45,156,841
45,157,735
45,158,930
45,159,771
45,160,621
45,161,715
45,162,685
45,163,671
45,164,579
45,165,625
45,166,610
45,167,569
45,168,598
45,169,540
45,170,596
45,171,554
45,172,511
45,173,563
45,174,544
45,175,509
45,176,581
45,177,584
45,178,571
45,179,522
45,180,649
45,181,592
45,182,587
45,183,735
45,184,593
45,185,579
45,186,663
45,187,697
45,188,932
45,189,685
45,190,756
45,191,1128
45,192,831
45,193,1025
45,194,1059
45,195,904
45,196,918
45,197,1120
45,198,1180
45,199,944
45,200,1124
45,201,912
45,202,974
45,203,1047
45,204,1165
45,205,1000
45,206,1007
45,207,913
45,208,946
45,209,997
45,210,903
45,211,1135
45,212,844
45,213,857
45,214,1001
45,215,783
45,216,1006
45,218,865
45,219,703
45,220,673
45,221,615
45,222,673
45,223,820
45,224,592
45,225,598
45,226,605
45,227,571
45,228,637
45,229,546
45,230,602
45,231,759
45,232,596
45,233,573
45,234,670
45,235,702
45,237,859
45,293,984
46,2,42
46,3,20
46,4,81
46,5,28
46,6,26
46,7,100
46,8,54
46,9,93
46,10,184
46,11,72
46,12,80
46,13,105
46,14,91
46,15,109
46,16,100
46,17,115
46,18,90
46,19,101
46,20,89
46,21,98
46,22,109
46,23,119
46,24,123
46,25,100
46,26,34
46,27,104
46,28,63
46,29,94
46,30,100
46,31,118
46,32,93
46,33,154
46,34,77
46,35,116
46,36,135
46,37,106
46,38,47
46,39,109
46,40,160
46,41,102
46,42,104
46,43,60
46,44,72
46,45,133
46,46,121
46,47,90
46,48,117
46,49,108
46,50,90
46,51,105
46,52,94
46,53,111
46,54,105
46,55,92
46,56,82
46,57,84
46,58,59
46,59,120
46,60,91
46,61,71
46,62,80
46,63,95
46,64,106
46,65,19
46,66,52
46,67,46
46,68,53
46,69,40
46,70,122
46,71,55
46,72,135
46,73,58
46,74,82
46,75,97
46,76,166
46,77,141
46,78,153
46,79,190
46,80,212
46,81,347
46,82,253
46,83,294
46,84,274
46,85,310
46,86,332
46,87,468
46,88,316
46,89,304
46,90,353
46,91,295
46,92,303
46,93,302
46,94,312
46,95,306
46,96,239
46,97,352
46,98,243
46,99,208
46,100,244
46,101,213
46,102,267
46,103,250
46,104,237
46,105,230
46,106,217
46,107,189
46,108,184
46,109,202
46,110,202
46,111,298
46,112,264
46,113,240
46,114,315
46,115,321
46,116,607
46,117,397
46,118,401
46,119,445
46,120,463
46,121,514
46,122,680
46,123,610
46,124,762
46,125,676
46,126,787
46,127,785
46,128,844
46,129,658
46,130,674
46,131,675
46,132,752
46,133,656
46,134,616
46,135,684
46,136,600
46,137,642
46,138,622
46,139,639
46,140,532
46,141,547
46,142,572
46,143,577
46,144,479
46,145,473
46,146,490
46,147,466
46,148,399
46,149,590
46,150,481
46,151,441
46,152,432
46,153,442
46,154,529
46,155,509
46,156,531
46,157,577
46,158,596
46,159,621
46,160,566
46,161,631
46,162,667
46,163,758
46,164,780
46,165,851
46,166,801
46,167,711
46,168,793
46,169,846
46,170,830
46,171,886
46,172,834
46,173,1397
46,174,873
46,175,902
46,176,1192
46,177,867
46,178,822
46,179,1428
46,180,841
46,181,1235
46,182,863
46,183,732
46,184,745
46,185,704
46,186,744
46,187,852
46,188,968
46,189,855
46,190,639
46,191,771
46,192,597
46,193,518
46,194,517
46,195,535
46,196,523
46,197,470
46,198,500
46,199,471
46,200,505
46,201,595
46,202,613
46,203,570
46,204,442
46,205,492
46,206,536
46,210,583
46,211,611
46,212,721
46,213,988
46,220,1090
46,225,1147
46,233,1277
46,240,1398
46,249,1292
46,252,913
46,253,968
46,257,972
46,261,1130
46,267,816
46,269,823
46,275,885
46,276,1049
46,317,44
46,318,73
46,319,1484
46,328,1477
46,331,276
46,333,40
46,335,164
46,336,42
46,337,329
46,338,88
46,339,78
46,340,129
46,341,222
46,342,201
46,343,115
46,348,141
46,349,166
46,350,80
46,351,165
46,352,107
46,353,112
46,355,29
46,356,128
46,357,209
46,358,230
46,359,109
46,360,116
46,361,163
47,2,36
47,3,45
47,4,30
47,5,45
47,6,68
47,7,49
47,8,186
47,9,96
47,10,30
47,12,27
47,13,34
47,14,72
47,15,66
47,16,57
47,17,80
47,18,46
47,19,61
47,20,64
47,21,62
47,22,63
47,23,91
47,24,78
47,25,72
47,26,71
47,27,73
47,28,75
47,29,114
47,30,74
47,31,83
47,32,87
47,33,67
47,34,69
47,35,65
47,36,65
47,37,72
47,38,78
47,39,135
47,40,95
47,41,96
47,42,69
47,43,72
47,44,118
47,45,167
47,46,153
47,47,140
47,48,63
47,49,70
47,50,76
47,51,81
47,52,100
47,53,68
47,54,73
47,55,75
47,56,64
47,57,82
47,58,73
47,59,65
47,60,85
47,61,150
47,62,117
47,63,69
47,64,73
47,65,64
47,66,98
47,67,91
47,68,210
47,69,100
47,70,99
47,71,113
47,72,125
47,73,82
47,74,82
47,75,95
47,76,50
47,77,109
47,78,117
47,79,45
47,80,48
47,81,44
47,82,88
47,83,35
47,84,57
47,85,56
47,86,62
47,87,91
47,88,126
47,89,175
47,90,143
47,91,183
47,92,186
47,93,167
47,94,269
47,95,228
47,96,301
47,97,264
47,98,294
47,99,327
47,100,344
47,101,364
47,102,324
47,103,390
47,104,376
47,105,396
47,106,307
47,107,331
47,108,340
47,109,327
47,110,253
47,111,268
47,112,265
47,113,281
47,114,304
47,115,320
47,116,245
47,117,217
47,118,235
47,119,204
47,120,208
47,121,273
47,122,231
47,123,235
47,124,217
47,125,242
47,126,214
47,127,217
47,128,264
47,129,358
47,130,387
47,131,360
47,132,417
47,133,367
47,134,436
47,135,505
47,136,501
47,137,495
47,138,623
47,139,784
47,140,729
47,141,798
47,142,637
47,143,811
47,144,710
47,145,762
47,146,760
47,147,766
47,148,745
47,149,633
47,150,609
47,151,560
47,152,558
47,153,581
47,154,508
47,155,534
47,156,511
47,157,578
47,158,656
47,159,544
47,160,481
47,161,445
47,162,446
47,163,426
47,164,457
47,165,473
47,166,564
47,167,514
47,168,538
47,169,502
47,170,527
47,171,436
47,172,468
47,173,523
47,174,607
47,175,738
47,176,659
47,177,700
47,178,762
47,179,1031
47,180,805
47,181,879
47,182,982
47,183,908
47,184,985
47,185,989
47,186,863
47,187,919
47,188,961
47,189,891
47,190,861
47,191,1058
47,193,843
47,194,881
47,195,907
47,199,820
47,200,844
47,201,911
47,202,827
47,204,669
47,207,615
47,214,572
47,217,614
47,218,713
47,219,663
47,220,623
47,224,705
47,225,627
47,258,1352
47,274,1620
47,275,1796
47,317,24
47,318,93
47,319,94
47,320,141
47,321,162
47,322,42
47,323,50
47,324,115
47,325,181
47,326,107
47,327,100
47,328,235
47,329,91
47,330,94
47,331,122
47,332,198
47,333,131
47,334,164
47,335,91
47,336,176
47,337,146
47,338,151
47,339,97
47,340,75
47,341,106
47,342,113
47,343,122
47,344,86
47,345,100
47,346,117
47,347,147
47,348,135
47,349,106
47,350,129
47,351,100
47,352,88
47,353,132
47,354,123
47,355,170
47,356,96
47,357,101
47,358,93
47,359,114
47,360,118
47,361,118
49,2,13
49,3,28
49,4,17
49,5,17
49,6,12
49,7,26
49,8,14
49,9,16
49,10,29
49,11,58
49,12,66
49,13,14
49,14,48
49,15,147
49,16,203
49,17,27
49,18,20
49,19,35
49,20,44
49,21,38
49,22,32
49,23,65
49,24,63
49,25,56
49,26,110
49,27,140
49,28,42
49,29,49
49,30,65
49,31,54
49,32,56
49,33,67
49,34,64
49,35,90
49,36,75
49,37,77
49,38,71
49,39,77
49,40,82
49,41,72
49,42,83
49,43,84
49,44,79
49,45,89
49,46,95
49,47,84
49,48,81
49,49,83
49,50,68
49,51,86
49,52,80
49,53,70
49,54,95
49,55,73
49,56,79
49,57,72
49,58,67
49,59,74
49,60,64
49,61,82
49,62,71
49,63,83
49,64,81
49,65,89
49,66,186
49,67,68
49,68,112
49,69,70
49,70,63
49,71,90
49,72,81
49,73,66
49,74,58
49,75,160
49,76,26
49,77,79
49,78,167
49,79,111
49,80,150
49,81,137
49,82,129
49,83,115
49,84,131
49,85,78
49,86,128
49,87,47
49,88,49
49,89,29
49,90,31
49,91,51
49,92,31
49,93,44
49,94,72
49,95,87
49,96,90
49,97,132
49,98,145
49,99,191
49,100,198
49,101,205
49,102,232
49,103,252
49,104,326
49,105,317
49,106,333
49,107,353
49,108,379
49,109,351
49,110,356
49,111,406
49,112,461
49,113,400
49,114,372
49,115,415
49,116,340
49,117,336
49,118,286
49,119,287
49,120,322
49,121,273
49,122,288
49,123,216
49,124,262
49,125,215
49,126,231
49,127,273
49,128,266
49,129,272
49,130,257
49,131,235
49,132,232
49,133,264
49,134,242
49,135,289
49,136,302
49,137,297
49,138,335
49,139,398
49,140,628
49,141,462
49,142,495
49,143,571
49,144,697
49,145,806
49,146,725
49,147,774
49,148,777
49,149,931
49,150,751
49,151,696
49,152,741
49,153,843
49,154,778
49,155,705
49,156,706
49,157,727
49,158,757
49,159,706
49,160,690
49,161,669
49,162,621
49,163,587
49,164,525
49,165,503
49,166,644
49,167,476
49,168,475
49,169,459
49,170,502
49,171,448
49,172,471
49,173,471
49,174,478
49,175,544
49,176,494
49,177,535
49,178,457
49,179,453
49,180,512
49,181,528
49,182,536
49,183,614
49,184,556
49,185,802
49,186,723
49,187,772
49,188,779
49,189,722
49,190,792
49,191,916
49,192,998
49,193,936
49,194,1020
49,195,1227
49,197,979
49,198,1134
49,199,868
49,200,966
49,201,1033
49,204,872
49,205,952
49,206,1030
49,208,970
49,209,856
49,210,821
49,211,812
49,212,761
49,213,772
49,214,892
49,215,708
49,217,662
49,218,612
49,219,723
49,220,626
49,221,607
49,222,673
49,223,732
49,224,632
49,225,530
49,226,512
49,227,508
49,228,471
49,229,469
49,230,475
49,231,512
49,232,513
49,233,551
49,234,635
49,288,1207
49,293,2075
49,344,2373
50,2,29
50,3,16
50,4,24
50,5,15
50,6,19
50,7,25
50,8,13
50,9,40
50,10,13
50,11,57
50,12,13
50,13,13
50,14,13
50,15,21
50,16,16
50,17,16
50,18,13
50,19,18
50,20,15
50,21,22
50,22,19
50,23,20
50,24,22
50,25,21
50,26,25
50,27,25
50,28,22
50,29,23
50,30,24
50,31,27
50,32,23
50,33,21
50,34,27
50,35,26
50,36,83
50,37,66
50,38,75
50,39,114
50,40,75
50,41,83
50,42,98
50,43,68
50,44,88
50,45,115
50,46,88
50,47,87
50,48,84
50,49,45
50,50,91
50,51,67
50,52,68
50,53,74
50,54,82
50,55,75
50,56,68
50,57,72
50,58,77
50,59,60
50,60,69
50,61,71
50,62,59
50,63,124
50,64,71
50,65,51
50,66,123
50,67,152
50,68,70
50,69,88
50,70,167
50,71,55
50,72,61
50,73,50
50,74,62
50,75,93
50,76,56
50,77,100
50,78,81
50,79,44
50,80,95
50,81,134
50,82,36
50,83,88
50,84,41
50,85,36
50,86,35
50,87,62
50,88,43
50,89,50
50,90,37
50,91,32
50,92,38
50,93,60
50,94,74
50,95,95
50,96,123
50,97,144
50,98,137
50,99,148
50,100,177
50,101,180
50,102,229
50,103,275
50,104,295
50,105,304
50,106,325
50,107,313
50,108,374
50,109,389
50,110,342
50,111,375
50,112,303
50,113,362
50,114,356
50,115,319
50,116,298
50,117,265
50,118,258
50,119,248
50,120,249
50,121,228
50,122,215
50,123,256
50,124,277
50,125,242
50,126,244
50,127,245
50,128,251
50,129,232
50,130,248
50,131,232
50,132,229
50,133,283
50,134,259
50,135,304
50,136,310
50,137,428
50,138,444
50,139,388
50,140,473
50,141,525
50,142,495
50,143,676
50,144,650
50,145,777
50,146,814
50,147,755
50,148,856
50,149,855
50,150,814
50,151,862
50,152,719
50,153,804
50,154,698
50,155,804
50,156,701
50,157,721
50,158,648
50,159,567
50,160,549
50,161,559
50,162,501
50,163,535
50,164,581
50,165,544
50,166,490
50,167,475
50,168,493
50,169,480
50,170,476
50,171,477
50,172,430
50,173,545
50,174,550
50,175,616
50,176,484
50,177,637
50,178,554
50,179,574
50,180,733
50,181,787
50,182,836
50,183,669
50,184,684
50,185,685
50,186,785
50,187,917
50,188,882
50,189,1043
50,190,1071
50,191,1102
50,192,1201
50,193,1065
50,194,1098
50,195,893
50,196,978
50,197,977
50,198,958
50,199,1222
50,200,1075
50,201,1054
50,202,1008
50,203,906
50,204,1013
50,205,1066
50,206,998
50,207,950
50,208,908
50,209,908
50,210,789
50,211,903
50,212,912
50,213,869
50,214,843
50,215,869
50,216,806
50,217,767
50,218,717
50,219,869
50,220,714
50,221,839
50,222,762
50,223,576
50,224,713
50,225,605
50,226,772
50,227,629
50,228,600
50,229,698
50,230,680
50,231,691
50,232,825
50,233,771
50,235,760
50,267,1269
50,327,271
50,328,6
50,329,140
50,330,21
50,331,222
50,332,129
50,333,120
50,334,169
50,335,97
50,336,152
50,338,206
50,341,98
50,342,82
50,343,144
50,344,59
50,345,50
50,346,75
50,347,90
50,348,78
50,349,83
50,350,70
50,351,87
50,352,111
50,353,94
50,354,102
50,355,100
50,356,112
50,357,123
50,358,116
50,359,115
50,360,229
50,361,155
51,2,8
51,3,12
51,4,10
51,5,10
51,6,9
51,7,14
51,8,14
51,9,15
51,10,13
51,11,14
51,12,14
51,13,20
51,14,20
51,15,20
51,16,18
51,17,21
51,18,20
51,19,16
51,20,25
51,21,22
51,22,21
51,23,22
51,24,21
51,25,23
51,26,23
51,27,22
51,28,23
51,29,28
51,30,25
51,31,22
51,32,22
51,33,22
51,34,23
51,35,23
51,36,18
51,37,22
51,38,22
51,39,69
51,40,30
51,41,62
51,42,24
51,43,77
51,44,60
51,45,64
51,46,73
51,47,19
51,48,17
51,49,65
51,50,78
51,51,68
51,52,73
51,53,79
51,54,134
51,55,75
51,56,97
51,57,90
51,58,96
51,59,116
51,60,83
51,61,84
51,62,98
51,63,95
51,64,81
51,65,57
51,66,141
51,67,84
51,68,128
51,69,74
51,70,75
51,71,73
51,72,105
51,73,89
51,74,73
51,75,112
51,76,59
51,77,67
51,78,54
51,79,58
51,80,112
51,81,106
51,82,31
51,83,138
51,84,49
51,85,115
51,86,52
51,87,167
51,88,76
51,89,154
51,90,43
51,91,76
51,92,111
51,93,105
51,94,117
51,95,56
51,96,62
51,97,81
51,98,113
51,99,150
51,100,83
51,101,137
51,102,165
51,103,170
51,104,165
51,105,192
51,106,185
51,107,275
51,108,218
51,109,235
51,110,360
51,111,319
51,112,313
51,113,299
51,114,331
51,115,319
51,116,338
51,117,357
51,118,350
51,119,291
51,120,313
51,121,356
51,122,335
51,123,262
51,124,266
51,125,282
51,126,260
51,127,218
51,128,206
51,129,264
51,130,233
51,131,256
51,132,248
51,133,243
51,134,256
51,135,242
51,136,245
51,137,230
51,138,225
51,139,240
51,140,285
51,141,324
51,142,393
51,143,353
51,144,431
51,145,545
51,146,476
51,147,666
51,148,632
51,149,677
51,150,669
51,151,753
51,152,664
51,153,919
51,154,871
51,155,837
51,156,747
51,157,827
51,158,833
51,159,840
51,160,801
51,161,773
51,162,772
51,163,669
51,164,750
51,165,643
51,166,709
51,167,858
51,168,587
51,169,515
51,170,520
51,171,490
51,172,489
51,173,479
51,174,540
51,175,458
51,176,489
51,177,520
51,178,477
51,179,475
51,180,522
51,181,493
51,182,558
51,183,563
51,184,541
51,185,596
51,186,580
51,187,638
51,188,731
51,189,739
51,190,740
51,191,1064
51,192,864
51,193,892
51,194,888
51,195,967
51,196,942
51,197,957
51,198,1135
51,199,999
51,200,1359
51,201,1145
51,202,1037
51,203,1173
51,204,987
51,205,963
51,206,1084
51,207,1236
51,208,1178
51,209,1087
51,210,1089
51,211,1225
51,212,1097
51,213,1063
51,214,1068
51,215,1141
51,216,1077
51,217,1045
51,218,854
51,219,806
51,220,853
51,221,759
51,222,816
51,223,668
51,224,597
51,225,595
51,226,620
51,227,610
51,228,641
51,229,705
51,230,741
51,231,732
51,232,464
51,233,682
51,234,699
51,235,495
51,236,466
51,237,524
51,238,503
51,239,535
51,240,741
51,241,776
51,242,764
51,243,945
51,271,1214
51,272,1165
51,273,1124
51,274,1788
51,275,1681
51,276,1424
51,277,1514
51,334,120
51,337,143
51,338,154
51,340,90
51,341,19
51,342,86
51,344,128
51,345,88
51,347,108
51,348,132
51,349,718
51,350,126
51,351,106
51,352,50
51,353,69
51,354,68
51,355,66
51,356,112
51,357,91
51,358,108
51,359,132
51,360,94
51,361,104
52,2,14
52,3,13
52,4,19
52,5,16
52,6,14
52,7,16
52,8,17
52,9,21
52,10,22
52,11,22
52,12,22
52,13,23
52,14,20
52,15,22
52,16,19
52,17,21
52,18,28
52,19,23
52,20,17
52,21,22
52,22,19
52,23,31
52,24,48
52,25,73
52,26,20
52,27,80
52,28,79
52,29,129
52,30,107
52,31,93
52,32,20
52,33,23
52,34,59
52,35,33
52,36,18
52,37,64
52,38,60
52,39,52
52,40,106
52,41,110
52,42,18
52,43,132
52,44,110
52,45,20
52,46,23
52,47,20
52,48,27
52,49,105
52,50,77
52,51,57
52,52,99
52,53,95
52,54,91
52,55,99
52,56,21
52,57,19
52,58,97
52,59,23
52,60,80
52,61,74
52,62,44
52,63,76
52,64,17
52,65,72
52,66,22
52,67,23
52,68,74
52,69,26
52,70,78
52,71,60
52,72,64
52,73,51
52,74,44
52,75,58
52,76,34
52,77,68
52,78,30
52,79,37
52,80,33
52,81,95
52,82,62
52,83,94
52,84,34
52,85,64
52,86,70
52,87,86
52,88,105
52,89,111
52,90,104
52,91,134
52,92,157
52,93,183
52,94,238
52,95,242
52,96,305
52,97,289
52,98,318
52,99,348
52,100,331
52,101,335
52,102,338
52,103,319
52,104,371
52,105,281
52,106,363
52,107,295
52,108,269
52,109,240
52,110,246
52,111,254
52,112,243
52,113,217
52,114,218
52,115,223
52,116,219
52,117,221
52,118,206
52,119,208
52,120,216
52,121,208
52,122,202
52,123,205
52,124,261
52,125,282
52,126,305
52,127,299
52,128,427
52,129,423
52,130,432
52,131,399
52,132,664
52,133,661
52,134,838
52,135,735
52,136,694
52,137,879
52,138,1079
52,139,883
52,140,1000
52,141,852
52,142,780
52,143,949
52,144,875
52,145,916
52,146,828
52,147,751
52,148,784
52,149,763
52,150,647
52,151,791
52,152,583
52,153,577
52,154,627
52,155,612
52,156,602
52,157,581
52,158,582
52,159,595
52,160,629
52,161,734
52,162,560
52,163,560
52,164,551
52,165,597
52,166,581
52,167,600
52,168,667
52,169,586
52,170,760
52,171,822
52,172,760
52,173,742
52,174,796
52,175,924
52,176,810
52,177,1116
52,178,1039
52,179,988
52,180,1062
52,181,1182
52,182,1067
52,183,1145
52,184,1308
52,185,1081
52,186,1059
52,187,1235
52,188,1198
52,189,1336
52,190,1180
52,191,1071
52,192,1253
52,193,1361
52,194,1096
52,195,1100
52,196,1153
52,197,1186
52,198,1182
52,199,986
52,200,1236
52,201,1089
52,202,892
52,203,775
52,204,777
52,205,998
52,206,1041
52,207,709
52,208,838
52,209,656
52,210,777
52,211,653
52,212,773
52,213,714
52,214,558
52,215,685
52,216,711
52,217,651
52,218,593
52,219,617
52,220,664
52,221,638
52,222,666
52,223,673
52,224,628
52,225,794
52,226,818
52,227,856
52,228,853
52,229,885
52,230,819
52,269,842
52,271,1378
52,272,1941
52,273,2002
52,274,1447
52,275,1632
52,279,1702
52,280,941
52,281,1656
52,282,1726
52,283,1723
52,284,1830
52,285,1679
52,286,1904
52,288,2066
52,289,1936
52,290,1689
52,291,1904
52,292,2132
52,311,1561
52,312,1548
52,313,1630
52,314,2293
52,315,1313
52,316,1526
52,317,1490
52,332,414
52,333,1167
53,2,17
53,3,56
53,4,46
53,5,19
53,6,27
53,7,55
53,8,13
53,9,13
53,10,13
53,11,15
53,12,17
53,13,35
53,14,27
53,15,37
53,16,107
53,17,42
53,18,127
53,19,106
53,20,59
53,21,23
53,22,62
53,23,60
53,24,68
53,25,55
53,26,66
53,27,88
53,28,83
53,29,70
53,30,83
53,31,94
53,32,85
53,33,132
53,34,83
53,35,82
53,36,82
53,37,79
53,38,111
53,39,81
53,40,88
53,41,75
53,42,69
53,43,72
53,44,17
53,45,22
53,46,33
53,47,77
53,48,20
53,49,72
53,50,108
53,51,143
53,52,18
53,53,76
53,54,73
53,55,75
53,56,19
53,57,141
53,58,90
53,59,24
53,60,80
53,61,224
53,62,208
53,63,35
53,64,21
53,65,151
53,66,17
53,67,102
53,68,182
53,69,104
53,70,20
53,71,145
53,72,191
53,73,36
53,74,35
53,75,38
53,76,33
53,77,82
53,78,53
53,79,199
53,80,74
53,81,66
53,82,83
53,83,128
53,84,142
53,85,186
53,86,180
53,87,196
53,88,208
53,89,252
53,90,298
53,91,302
53,92,340
53,93,328
53,94,299
53,95,347
53,96,388
53,97,349
53,98,337
53,99,366
53,100,353
53,101,363
53,102,332
53,103,349
53,104,319
53,105,314
53,106,249
53,107,261
53,108,279
53,109,303
53,110,282
53,111,290
53,112,265
53,113,274
53,114,277
53,115,256
53,116,255
53,117,249
53,118,286
53,119,273
53,120,318
53,121,282
53,122,391
53,123,366
53,124,378
53,125,419
53,126,508
53,127,627
53,128,814
53,129,723
53,130,848
53,131,687
53,132,823
53,133,734
53,134,768
53,135,919
53,136,751
53,137,873
53,138,740
53,139,869
53,140,772
53,141,793
53,142,722
53,143,692
53,144,739
53,145,695
53,146,676
53,147,693
53,148,581
53,149,583
53,150,573
53,151,690
53,152,611
53,153,539
53,154,581
53,155,557
53,156,610
53,157,520
53,158,508
53,159,552
53,160,537
53,161,668
53,162,596
53,163,524
53,164,648
53,165,526
53,166,586
53,167,725
53,168,743
53,169,901
53,170,910
53,171,927
53,172,922
53,173,1029
53,174,982
53,175,1210
53,176,1041
53,177,1235
53,178,1068
53,179,1204
53,180,1000
53,181,1109
53,182,1107
53,183,1084
53,184,1040
53,185,1029
53,186,1017
53,187,936
53,188,1127
53,189,1160
53,190,976
53,191,1041
53,192,799
53,193,1106
53,194,1000
53,195,803
53,196,732
53,197,890
53,198,857
53,199,866
53,200,816
53,201,808
53,202,777
53,203,800
53,204,801
53,205,692
53,206,838
53,207,732
53,208,819
53,209,736
53,210,474
53,211,724
53,212,682
53,213,818
53,214,887
53,215,951
53,216,907
53,217,700
53,218,1011
53,219,749
53,220,843
53,251,928
53,252,1265
53,285,1056
53,287,981
53,288,1677
53,289,1291
53,293,1161
53,294,1165
53,295,1799
53,296,1219
53,297,1316
53,298,1870
53,299,1574
53,300,1285
53,301,1286
53,303,2119
53,304,1264
53,310,1449
53,311,1340
53,312,2494
53,317,1046
53,329,1705
53,330,2434
53,333,1940
53,350,1534
53,355,39
53,356,2284
53,357,181
53,359,135
53,360,161
53,361,161
57,2,19
57,3,86
57,4,78
57,5,33
57,6,82
57,7,80
57,8,13
57,9,27
57,10,182
57,11,9
57,12,9
57,13,92
57,14,66
57,15,76
57,16,10
57,17,45
57,18,103
57,19,101
57,20,126
57,21,72
57,22,93
57,23,44
57,24,64
57,25,67
57,26,65
57,27,70
57,28,79
57,29,68
57,30,54
57,31,121
57,32,101
57,33,83
57,34,65
57,35,63
57,36,89
57,37,73
57,38,87
57,39,99
57,40,73
57,41,95
57,42,65
57,43,95
57,44,67
57,45,73
57,46,66
57,47,73
57,48,73
57,49,71
57,50,69
57,51,63
57,52,118
57,53,60
57,54,105
57,55,116
57,56,129
57,57,66
57,58,64
57,59,59
57,60,112
57,61,113
57,62,107
57,63,85
57,64,179
57,65,118
57,66,91
57,67,151
57,68,145
57,69,96
57,70,116
57,71,77
57,72,137
57,73,68
57,74,83
57,75,113
57,76,97
57,77,31
57,78,111
57,79,126
57,80,78
57,81,31
57,82,45
57,83,56
57,84,90
57,85,76
57,86,123
57,87,105
57,88,171
57,89,170
57,90,198
57,91,211
57,92,239
57,93,294
57,94,324
57,95,334
57,96,353
57,97,330
57,98,398
57,99,295
57,100,358
57,101,378
57,102,362
57,103,348
57,104,384
57,105,380
57,106,366
57,107,383
57,108,345
57,109,345
57,110,296
57,111,282
57,112,271
57,113,260
57,114,262
57,115,267
57,116,269
57,117,257
57,118,263
57,119,258
57,120,256
57,121,257
57,122,230
57,123,277
57,124,246
57,125,235
57,126,265
57,127,309
57,128,338
57,129,380
57,130,387
57,131,382
57,132,463
57,133,454
57,134,570
57,135,562
57,136,635
57,137,694
57,138,747
57,139,774
57,140,821
57,141,706
57,142,708
57,143,747
57,144,724
57,145,683
57,146,798
57,147,704
57,148,705
57,149,656
57,150,661
57,151,589
57,152,622
57,153,575
57,154,536
57,155,468
57,156,466
57,157,504
57,158,533
57,159,479
57,160,485
57,161,471
57,162,474
57,163,488
57,164,506
57,165,479
57,166,509
57,167,456
57,168,505
57,169,479
57,170,485
57,171,538
57,172,551
57,173,739
57,174,552
57,175,558
57,176,787
57,177,739
57,178,856
57,179,785
57,180,896
57,181,1150
57,182,920
57,183,985
57,184,963
57,185,1118
57,186,988
57,187,940
57,188,1081
57,189,1145
57,190,15
57,191,947
57,192,1035
57,194,809
57,195,879
57,196,940
57,197,836
57,198,942
57,199,892
57,200,723
57,201,828
57,202,879
57,203,6
57,204,875
57,205,797
57,206,821
57,207,691
57,208,951
57,209,624
57,210,646
57,211,606
57,212,565
57,213,614
57,214,521
57,215,502
57,216,547
57,217,514
57,218,537
57,219,470
57,220,523
57,221,519
57,222,5
57,223,600
57,224,6
57,225,15
57,228,8
57,229,9
57,230,10
57,232,9
57,233,8
57,234,9
57,235,9
57,237,10
57,238,9
57,239,13
57,240,8
57,242,17
57,243,14
57,244,11
57,245,8
57,246,10
57,247,15
57,248,19
57,249,13
57,252,6
57,255,8
57,257,14
57,259,3
57,260,8
57,263,8
57,264,1028
57,265,12
57,266,10
57,276,7
57,277,4
57,287,1625
57,289,1771
57,291,10
57,304,28
57,305,1289
57,306,1234
57,314,11
57,323,109
57,325,34
57,326,114
57,328,27
57,329,100
57,330,158
57,331,128
57,332,168
57,333,94
57,334,102
57,335,101
57,336,130
57,337,93
57,338,100
57,339,66
57,340,97
57,341,129
57,342,124
57,343,88
57,344,121
57,345,81
57,346,127
57,347,146
57,348,99
57,349,131
57,350,139
57,351,221
57,352,144
57,353,150
57,354,88
57,355,128
57,356,305
57,357,216
57,358,229
57,359,155
57,360,172
57,361,216
58,2,20
58,3,15
58,4,24
58,5,17
58,6,11
58,7,19
58,8,35
58,9,10
58,10,8
58,11,12
58,12,24
58,13,24
58,14,8
58,15,27
58,16,15
58,17,43
58,18,77
58,19,59
58,20,75
58,21,69
58,22,54
58,23,22
58,24,87
58,25,70
58,26,69
58,27,88
58,28,85
58,29,97
58,30,64
58,31,83
58,32,89
58,33,47
58,34,145
58,35,104
58,36,86
58,37,152
58,38,170
58,39,97
58,40,143
58,41,118
58,42,119
58,43,76
58,44,62
58,45,58
58,46,146
58,47,81
58,48,44
58,49,73
58,50,79
58,51,50
58,52,67
58,53,61
58,54,65
58,55,95
58,56,72
58,57,67
58,58,85
58,59,70
58,60,92
58,61,96
58,62,86
58,63,77
58,64,92
58,65,94
58,66,89
58,67,67
58,68,91
58,69,79
58,70,96
58,71,94
58,72,81
58,73,75
58,74,66
58,75,81
58,76,69
58,77,80
58,78,61
58,79,54
58,80,51
58,81,89
58,82,44
58,83,65
58,84,108
58,85,80
58,86,38
58,87,74
58,88,106
58,89,112
58,90,65
58,91,133
58,92,89
58,93,34
58,94,33
58,95,48
58,96,57
58,97,49
58,98,88
58,99,66
58,100,101
58,101,102
58,102,146
58,103,193
58,104,171
58,105,253
58,106,230
58,107,254
58,108,292
58,109,239
58,110,249
58,111,339
58,112,330
58,113,328
58,114,441
58,115,388
58,116,327
58,117,373
58,118,350
58,119,307
58,120,358
58,121,294
58,122,296
58,123,296
58,124,238
58,125,279
58,126,265
58,127,266
58,128,227
58,129,214
58,130,215
58,131,206
58,132,209
58,133,217
58,134,214
58,135,220
58,136,253
58,137,250
58,138,227
58,139,215
58,140,252
58,141,275
58,142,282
58,143,375
58,144,348
58,145,453
58,146,459
58,147,444
58,148,572
58,149,666
58,150,462
58,151,690
58,152,945
58,153,724
58,154,768
58,155,804
58,156,804
58,157,699
58,158,759
58,159,634
58,160,831
58,161,827
58,162,611
58,163,554
58,164,582
58,165,566
58,166,498
58,167,516
58,168,537
58,169,545
58,170,474
58,171,459
58,172,427
58,173,496
58,174,506
58,175,440
58,176,432
58,177,435
58,178,423
58,179,500
58,180,421
58,181,483
58,182,445
58,183,489
58,184,466
58,185,556
58,186,552
58,187,604
58,188,742
58,189,615
58,190,637
58,191,706
58,192,728
58,193,783
58,194,963
58,195,890
58,196,967
58,200,944
58,203,1080
58,204,1266
58,206,5
58,246,8
58,248,6
58,253,6
58,262,2039
58,263,1197
58,273,1613
58,282,1086
58,283,1096
58,285,1356
58,287,1618
58,289,1291
58,311,4
58,313,1514
58,314,1711
58,315,1869
58,318,174
58,319,26
58,320,1848
58,321,2279
58,322,1999
58,323,93
58,324,202
58,325,23
58,326,115
58,327,183
58,328,211
58,329,1405
58,330,1666
58,331,324
58,332,1488
58,333,151
58,334,102
58,335,104
58,336,2140
58,337,1812
58,338,89
58,339,121
58,340,168
58,341,101
58,342,146
58,343,125
58,344,151
58,345,111
58,346,114
58,347,50
58,349,9
58,351,147
58,354,160
58,355,153
58,356,9
58,357,150
58,358,125
58,359,126
58,360,190
58,361,177
59,2,13
59,3,8
59,4,15
59,5,20
59,6,20
59,7,18
59,8,17
59,9,16
59,10,12
59,11,19
59,12,14
59,13,12
59,14,14
59,15,17
59,16,16
59,17,19
59,18,15
59,19,16
59,20,13
59,21,16
59,22,14
59,23,13
59,24,12
59,25,10
59,26,16
59,27,11
59,28,10
59,29,14
59,30,14
59,31,10
59,32,19
59,33,40
59,34,13
59,35,35
59,36,16
59,37,9
59,38,21
59,39,31
59,40,31
59,41,33
59,42,51
59,43,18
59,44,11
59,45,59
59,46,42
59,47,119
59,48,68
59,49,12
59,50,61
59,51,28
59,52,59
59,53,37
59,54,66
59,55,87
59,56,365
59,57,74
59,58,88
59,59,139
59,60,93
59,61,68
59,62,103
59,63,43
59,64,107
59,65,105
59,66,131
59,67,42
59,68,72
59,69,116
59,70,87
59,71,90
59,72,78
59,73,89
59,74,75
59,75,202
59,76,58
59,77,61
59,78,69
59,79,77
59,80,110
59,81,56
59,82,56
59,83,93
59,84,138
59,85,60
59,86,159
59,87,140
59,88,162
59,89,90
59,90,68
59,91,145
59,92,71
59,93,147
59,94,102
59,95,142
59,96,83
59,97,120
59,98,94
59,99,92
59,100,119
59,101,121
59,102,84
59,103,79
59,104,100
59,105,115
59,106,87
59,107,84
59,108,112
59,109,99
59,110,97
59,111,87
59,112,89
59,113,72
59,114,72
59,115,70
59,116,51
59,117,91
59,118,75
59,119,66
59,120,90
59,121,73
59,122,61
59,123,37
59,124,90
59,125,82
59,126,76
59,127,66
59,128,69
59,129,94
59,130,60
59,131,57
59,132,76
59,133,101
59,134,113
59,135,133
59,136,163
59,137,159
59,138,208
59,139,238
59,140,259
59,141,285
59,142,319
59,143,294
59,144,244
59,145,361
59,146,414
59,147,378
59,148,325
59,149,364
59,150,420
59,151,399
59,152,455
59,153,405
59,154,375
59,155,366
59,156,361
59,157,372
59,158,266
59,159,332
59,160,254
59,161,308
59,162,276
59,163,241
59,164,275
59,165,269
59,166,282
59,167,267
59,168,264
59,169,273
59,170,274
59,171,261
59,172,264
59,173,276
59,174,271
59,175,303
59,176,317
59,177,356
59,178,419
59,179,489
59,180,498
59,181,470
59,182,554
59,183,589
59,184,683
59,185,598
59,186,619
59,187,624
59,188,788
59,189,928
59,190,850
59,191,808
59,192,745
59,193,834
59,194,805
59,195,834
59,196,813
59,197,822
59,198,686
59,199,696
59,200,655
59,201,680
59,202,627
59,203,566
59,204,566
59,205,623
59,206,599
59,207,579
59,208,588
59,209,551
59,210,460
59,211,525
59,212,535
59,213,520
59,214,516
59,215,572
59,216,523
59,217,481
59,218,607
59,219,573
59,220,728
59,221,609
59,222,665
59,223,673
59,224,798
59,225,848
59,226,767
59,227,952
59,228,852
59,229,963
59,230,930
59,231,875
59,232,1192
59,233,927
59,234,1140
59,237,1171
59,290,10
59,329,913
59,330,972
59,336,1045
59,337,9
59,339,938
59,340,76
59,341,1092
59,344,1088
59,350,89
59,351,106
59,353,8
59,354,138
59,356,59
59,357,163
59,358,179
59,359,83
59,360,71
59,361,107
60,2,16
60,3,58
60,4,43
60,5,101
60,6,122
60,7,142
60,8,82
60,9,88
60,10,83
60,11,87
60,12,64
60,13,185
60,14,125
60,15,111
60,16,123
60,17,57
60,18,77
60,19,59
60,20,181
60,21,140
60,22,60
60,23,105
60,24,214
60,25,80
60,26,146
60,27,132
60,28,87
60,29,86
60,30,136
60,31,90
60,32,167
60,33,152
60,34,85
60,35,88
60,36,72
60,37,70
60,38,153
60,39,175
60,40,74
60,41,91
60,42,64
60,43,72
60,44,73
60,45,54
60,46,114
60,47,91
60,48,147
60,49,269
60,50,56
60,51,52
60,52,296
60,53,66
60,54,187
60,55,125
60,56,78
60,57,95
60,58,57
60,59,151
60,60,42
60,61,104
60,62,137
60,63,151
60,64,100
60,65,79
60,66,110
60,67,96
60,68,68
60,69,154
60,70,103
60,71,26
60,72,121
60,73,31
60,74,24
60,75,230
60,76,47
60,77,52
60,78,122
60,79,97
60,80,155
60,81,115
60,82,163
60,83,212
60,84,309
60,85,254
60,86,245
60,87,294
60,88,314
60,89,343
60,90,380
60,91,371
60,92,407
60,93,405
60,94,423
60,95,458
60,96,414
60,97,416
60,98,418
60,99,399
60,100,307
60,101,357
60,102,357
60,103,348
60,104,316
60,105,269
60,106,250
60,107,233
60,108,294
60,109,279
60,110,285
60,111,283
60,112,277
60,113,285
60,114,293
60,115,283
60,116,236
60,117,247
60,118,274
60,119,295
60,120,404
60,121,463
60,122,421
60,123,469
60,124,514
60,125,507
60,126,626
60,127,585
60,128,586
60,129,587
60,130,635
60,131,771
60,132,690
60,133,720
60,134,906
60,135,905
60,136,854
60,137,924
60,138,942
60,139,981
60,140,848
60,141,849
60,142,873
60,143,791
60,144,662
60,145,678
60,146,774
60,147,682
60,148,620
60,149,636
60,150,619
60,151,604
60,152,635
60,153,627
60,154,640
60,155,630
60,156,583
60,157,472
60,158,482
60,159,478
60,160,520
60,161,584
60,162,583
60,163,642
60,164,616
60,165,584
60,166,574
60,167,835
60,168,773
60,169,891
60,170,775
60,171,745
60,172,905
60,173,812
60,174,898
60,175,933
60,176,938
60,177,1110
60,178,1095
60,179,1029
60,180,955
60,181,950
60,182,1063
60,183,1214
60,184,1173
60,185,1223
60,186,1186
60,187,1061
60,188,1030
60,189,941
60,191,1056
60,193,903
60,194,987
60,195,931
60,196,955
60,197,797
60,198,976
60,199,844
60,200,827
60,201,763
60,202,849
60,203,728
60,204,583
60,205,640
60,206,601
60,207,675
60,208,646
60,209,539
60,210,591
60,211,509
60,212,713
60,213,617
60,214,506
60,215,509
60,216,557
60,217,561
60,218,581
60,219,652
60,220,717
60,269,842
60,312,909
60,314,1968
60,316,141
60,317,135
60,318,64
60,319,121
60,323,64
60,324,47
60,325,95
60,326,129
60,327,52
60,328,97
60,329,41
60,330,41
60,331,83
60,332,45
60,333,88
60,334,1614
60,335,75
60,336,105
60,337,1872
60,338,83
60,339,67
60,340,91
60,341,1545
60,342,1426
60,343,177
60,344,247
60,345,151
60,346,1759
60,347,135
60,348,124
60,349,157
60,350,103
60,351,49
60,352,121
60,353,117
60,354,83
60,355,196
60,356,96
60,357,146
60,358,177
60,359,244
60,360,96
61,2,24
61,3,19
61,4,15
61,5,21
61,6,20
61,7,17
61,8,21
61,9,26
61,10,10
61,11,28
61,12,30
61,13,42
61,14,43
61,15,46
61,16,84
61,17,98
61,18,45
61,19,120
61,20,98
61,21,60
61,22,63
61,23,81
61,24,77
61,25,55
61,26,36
61,27,56
61,28,40
61,29,42
61,30,33
61,31,100
61,32,52
61,33,72
61,34,70
61,35,84
61,36,80
61,37,77
61,38,85
61,39,82
61,40,82
61,41,81
61,42,99
61,43,97
61,44,78
61,45,83
61,46,80
61,47,75
61,48,90
61,49,93
61,50,71
61,51,113
61,52,97
61,53,105
61,54,114
61,55,127
61,56,93
61,57,178
61,58,115
61,59,123
61,60,95
61,61,101
61,62,118
61,63,103
61,64,106
61,65,117
61,66,108
61,67,110
61,68,117
61,69,126
61,70,99
61,71,98
61,72,114
61,73,85
61,74,115
61,75,85
61,76,147
61,77,41
61,78,72
61,79,120
61,80,35
61,81,62
61,82,60
61,83,94
61,84,92
61,85,114
61,86,123
61,87,96
61,88,141
61,89,82
61,90,75
61,91,80
61,92,76
61,93,67
61,94,93
61,95,53
61,96,88
61,97,132
61,98,154
61,99,160
61,100,162
61,101,183
61,102,223
61,103,329
61,104,201
61,105,283
61,106,267
61,107,335
61,108,308
61,109,353
61,110,436
61,111,435
61,112,313
61,113,418
61,114,398
61,115,438
61,116,385
61,117,345
61,118,355
61,119,310
61,120,293
61,121,259
61,122,249
61,123,261
61,124,224
61,125,231
61,126,258
61,127,220
61,128,220
61,129,241
61,130,236
61,131,244
61,132,249
61,133,245
61,134,258
61,135,243
61,136,241
61,137,262
61,138,307
61,139,334
61,140,401
61,141,413
61,142,392
61,143,521
61,144,447
61,145,446
61,146,545
61,147,572
61,148,623
61,149,627
61,150,675
61,151,884
61,152,760
61,153,722
61,154,890
61,155,759
61,156,885
61,157,848
61,158,687
61,159,786
61,160,737
61,161,737
61,162,673
61,163,686
61,164,652
61,165,683
61,166,604
61,167,629
61,168,613
61,169,546
61,170,512
61,171,464
61,172,487
61,173,478
61,174,463
61,175,468
61,176,463
61,177,518
61,178,470
61,179,553
61,180,554
61,181,534
61,182,548
61,183,580
61,184,577
61,185,679
61,186,637
61,187,628
61,188,773
61,189,691
61,190,831
61,191,934
61,192,1124
61,193,995
61,194,1236
61,195,998
61,196,1148
61,197,984
61,198,1023
61,199,1178
61,200,1317
61,201,1064
61,202,1147
61,203,1065
61,204,1029
61,205,950
61,206,911
61,207,1047
61,208,1074
61,209,925
61,210,1076
61,211,949
61,212,932
61,213,840
61,214,790
61,215,779
61,216,850
61,217,770
61,218,672
61,219,746
61,220,670
61,221,677
61,222,663
61,223,610
61,224,555
61,225,517
61,226,560
61,227,501
61,228,613
61,229,469
61,230,469
61,232,439
61,233,474
61,234,489
61,235,553
61,236,678
61,279,1186
61,315,503
61,321,1603
61,330,78
61,331,1074
61,335,35
61,341,159
61,342,1265
61,345,85
61,346,2018
61,347,1684
61,348,116
61,349,42
61,350,45
61,351,85
61,352,100
61,353,1926
61,354,1504
61,356,64
61,357,122
61,358,93
61,359,65
61,360,184
61,361,434
